Time, ID, Lat, Lon, Alt, #MACS, SSID1, MAC1, SSID2, MAC2, SSID3, MAC3
2017-12-03 08:37:13,model=SM-G950F_device=dreamlte,32.102528187003614,35.20734570155965,700.1622738859832,3,afikim-wifi,00:1a:dd:e3:06:e4,Moria,d8:fe:e3:03:5a:31,Lidor a,a0:4f:d4:3b:e9:01
2017-12-03 08:37:15,model=SM-G950F_device=dreamlte,32.102775259283945,35.20863126810977,693.4296299325712,3,Ariel_University,ec:8c:a2:08:94:18,Sveta,d0:0f:6d:f1:35:2f,ear,a0:ab:1b:59:55:54
2017-12-03 08:37:18,model=SM-G950F_device=dreamlte,32.10260131324726,35.20859454639467,692.7602134744507,3,BEZEQINT-8831,14:ae:db:43:88:35,Ariel_University,ec:8c:a2:09:03:38,Ariel_University,1c:b9:c4:14:33:c8
2017-12-03 08:37:21,model=SM-G950F_device=dreamlte,32.10304723034412,35.208629930475006,698.7078671454435,3,Ariel_University,ec:8c:a2:08:94:1c, ,1c:b9:c4:96:f4:77, ,ec:8c:a2:88:94:17
2017-12-03 08:37:27,model=SM-G950F_device=dreamlte,32.10246574012063,35.20876308383766,691.8050623245125,3,BezeqFree,06:ae:db:3a:64:05,Ariel_University,1c:b9:c4:14:33:cc,Mama,14:ae:db:cb:05:f5
2017-12-03 08:37:33,model=SM-G950F_device=dreamlte,32.10288167031487,35.20813358320082,694.3936420236282,3, ,ec:8c:a2:89:03:37,Ariel_University,ec:8c:a2:09:03:3c,Ariel_University,1c:b9:c4:16:f4:7c
2017-12-03 08:37:36,model=SM-G950F_device=dreamlte,32.10276875499244,35.207579983624925,692.9091858828,3,Ariel_University,ec:8c:a2:09:03:38,bezek freeee,cc:fa:00:ae:93:46,vladimir,00:0e:f4:c1:50:14
2017-12-03 08:37:42,model=SM-G950F_device=dreamlte,32.10299575509541,35.207871120691074,691.4276086871618,3,HOTFiber-3C40,a4:08:f5:20:72:6a,Ariel_University,ec:8c:a2:08:77:48,Biren2809,14:ae:db:cf:86:f5
2017-12-03 08:37:45,model=SM-G950F_device=dreamlte,32.10271907384625,35.20863452474175,697.040529173384,3,Ariel_University,1c:b9:c4:16:f4:78,SGH-I337M,ec:9b:f3:26:ab:3a,Ariel_University,ec:8c:a2:08:a9:38
2017-12-03 08:37:52,model=SM-G950F_device=dreamlte,32.10323402718765,35.20774060254871,691.2710155300666,3,Ariel_University,ec:8c:a2:09:03:38,Ariel_University,ec:8c:a2:08:a9:28,Ariel_University,ec:8c:a2:09:0c:cc
2017-12-03 08:37:55,model=SM-G950F_device=dreamlte,32.103572273257996,35.20780162549177,690.579236336418,3,Ariel_University,ec:8c:a2:08:7a:1c,Ariel_University,ec:8c:a2:09:0c:cc, ,ec:8c:a2:88:a9:27
2017-12-03 08:37:58,model=SM-G950F_device=dreamlte,32.10364135012996,35.20781056556204,690.5287561484423,3,Ariel_University,ec:8c:a2:08:7a:1c, ,ec:8c:a2:88:7a:17,Ariel_University,ec:8c:a2:08:7a:18
2017-12-03 08:38:04,model=SM-G950F_device=dreamlte,32.103852119739884,35.207882881473616,690.3484629870095,3, ,ec:8c:a2:89:0c:c7,Ariel_University,ec:8c:a2:09:0c:c8, ,ec:8c:a2:88:7b:87
2017-12-03 08:38:10,model=SM-G950F_device=dreamlte,32.10352684137637,35.20780840582089,690.6067243759123,3,Ariel_University,ec:8c:a2:08:a9:28,Ariel_University,ec:8c:a2:09:8c:38,Ariel_University,ec:8c:a2:08:7b:8c
2017-12-03 08:38:13,model=SM-G950F_device=dreamlte,32.103816707190155,35.20786190854306,690.3875002378837,3,Ariel_University,ec:8c:a2:08:7b:8c, ,ec:8c:a2:88:7b:87,Ariel_University,ec:8c:a2:08:90:c8
2017-12-03 08:38:16,model=SM-G950F_device=dreamlte,32.10377130395057,35.207839697140436,690.4370817096604,3,Ariel_University,ec:8c:a2:08:7b:8c,Ariel_University,ec:8c:a2:08:7b:88, ,00:27:22:f3:bb:86
2017-12-03 08:38:22,model=SM-G950F_device=dreamlte,32.103665363227144,35.20781236878006,690.5106267192627,3,Ariel_University,ec:8c:a2:08:7a:18,Ariel_University,ec:8c:a2:08:7a:1c,dlink,84:c9:b2:4a:e7:87
2017-12-03 08:38:25,model=SM-G950F_device=dreamlte,32.103915211898624,35.20784899773937,690.2527761168801,3,Ariel_University,ec:8c:a2:08:92:48,Ariel_University,ec:8c:a2:08:92:4c,Ariel_University,ec:8c:a2:08:a9:2c
2017-12-03 08:38:28,model=SM-G950F_device=dreamlte,32.104803462301184,35.208290739104484,689.4067006627279,3,Afikim_Wifi,00:1a:dd:f4:f5:c5,Ariel_University,f0:b0:52:3e:d6:f8,Aviramf phone,e6:46:da:e4:84:c0
2017-12-03 08:38:49,model=SM-G950F_device=dreamlte,32.10518077253441,35.21020923760383,697.2819594157202,3, ,00:1a:2f:7f:6b:70,Ariel_University,1c:b9:c4:15:44:58,outsense,c2:6c:ac:a0:7b:4d
2017-12-03 08:38:52,model=SM-G950F_device=dreamlte,32.10481389284669,35.20948482409015,689.8743821760323,3,ShapeDo,f8:e9:03:12:ef:3b,Neuropplied,a2:6c:ac:9f:fb:27,Guest,90:6c:ac:9f:fb:27
2017-12-03 08:38:55,model=SM-G950F_device=dreamlte,32.105865495616214,35.210332015555466,688.613720330933,3, ,00:27:22:f3:e2:f3, ,00:27:22:f3:a6:9a,YICarCam_00d0f1,58:70:c6:00:d0:f1
2017-12-03 08:38:58,model=SM-G950F_device=dreamlte,32.105708094651035,35.2099047694616,688.5702924533671,3,NIPPON_2516,08:97:58:32:a6:3e, ,00:1a:2f:7f:6b:70,Orange G2_4113,f8:a9:d0:66:06:4d
2017-12-03 08:39:01,model=SM-G950F_device=dreamlte,32.10571462515704,35.210349304601216,689.0079216927002,3,PEPWAVE_C99D,00:1a:dd:f5:e9:24,Afikim-73925,00:1a:dd:f5:e9:25,Ariel_University,1c:b9:c4:16:06:e8
2017-12-03 08:39:04,model=SM-G950F_device=dreamlte,32.10593570825516,35.21046238187881,688.6558135341446,3,PEPWAVE_9481,00:1a:dd:f4:ef:04, ,00:1a:dd:f5:06:a4,YICarCam_00d0f1,58:70:c6:00:d0:f1
2017-12-03 08:39:07,model=SM-G950F_device=dreamlte,32.105942114502845,35.21055836594028,688.6644613321562,3,Afikim-73925,00:1a:dd:f5:e9:25, ,00:27:22:f3:e2:f3, ,00:27:22:f3:a6:9a
2017-12-03 08:39:10,model=SM-G950F_device=dreamlte,32.10567723475568,35.21045267355596,689.1815434350718,3,Afikim-73925,00:1a:dd:f5:e9:25,PEPWAVE_C99D,00:1a:dd:f5:e9:24,Afikim_Wifi,00:1a:dd:f4:ef:c5
2017-12-03 08:39:13,model=SM-G950F_device=dreamlte,32.105983266360354,35.21074963888486,688.7233292506919,3, ,00:27:22:f3:e2:f3,TOP-SECRET,10:be:f5:36:02:e2,Ariel_University,1c:b9:c4:16:06:ec
2017-12-03 08:39:19,model=SM-G950F_device=dreamlte,32.10621148996375,35.21194838735255,689.2763252871639,3, ,00:1a:dd:f4:fc:84,Afikim_Wifi,00:1a:dd:f4:fc:85,Police_Shomron ,f8:e7:1e:33:87:38
2017-12-03 08:39:25,model=SM-G950F_device=dreamlte,32.1055568594137,35.21197226237513,693.7386768982675,3,IT-MNG,1c:b9:c4:16:cd:18,KCG_20,00:27:19:13:fc:a4,Ariel_University,1c:b9:c4:56:cd:18
2017-12-03 08:39:28,model=SM-G950F_device=dreamlte,32.10542231824859,35.211759598787715,691.2007946915418,3,Police_Shomron ,f8:e7:1e:33:87:3c,IT-MNG,1c:b9:c4:15:fd:e8,Ariel_University,1c:b9:c4:16:cd:1c
2017-12-03 08:39:31,model=SM-G950F_device=dreamlte,32.1055568594137,35.21197226237513,693.7386768982675,3,IT-MNG,1c:b9:c4:16:cd:18,Ariel_University,1c:b9:c4:56:cd:18,KCG_20,00:27:19:13:fc:a4
2017-12-03 08:39:34,model=SM-G950F_device=dreamlte,32.10526622745032,35.21150460633859,698.5383611929873,3,Ariel_University,1c:b9:c4:15:fd:ec,Ariel_University,1c:b9:c4:15:3a:28,Ariel_University,1c:b9:c4:15:36:9c
2017-12-03 08:39:40,model=SM-G950F_device=dreamlte,32.105288752254275,35.2117327167594,691.3649803261033,3,Ariel_University,1c:b9:c4:15:fd:ec,IT-MNG,1c:b9:c4:15:fd:e8,Ariel_University,1c:b9:c4:55:fd:e8
2017-12-03 08:40:34,model=SM-G950F_device=dreamlte,32.104705447321294,35.211099013636066,692.5712162623381,3,Ariel_University,1c:b9:c4:15:ed:48,Ariel_University,1c:b9:c4:15:44:88,Ariel_University,ec:8c:a2:08:79:a8
2017-12-03 08:40:37,model=SM-G950F_device=dreamlte,32.104793400352406,35.211080913953,702.3648701904892,3,Ariel_University,1c:b9:c4:14:2b:c8,Ariel_University,1c:b9:c4:14:2b:cc,Ariel_University,1c:b9:c4:15:41:78
2017-12-03 08:40:40,model=SM-G950F_device=dreamlte,32.10489388738964,35.21056273592379,690.6926284596791,3,Ariel_University,1c:b9:c4:15:42:68,Ariel_University,1c:b9:c4:16:2b:e8,Ariel_University,1c:b9:c4:15:42:6c
2017-12-03 08:40:43,model=SM-G950F_device=dreamlte,32.10501276026725,35.21060898336185,698.576529147786,3, ,1c:b9:c4:94:30:07,Ariel_University,1c:b9:c4:14:30:0c,Ariel_University,1c:b9:c4:14:30:08
2017-12-03 08:40:46,model=SM-G950F_device=dreamlte,32.104959399789834,35.21053438540976,701.5283924498927,3,Ariel_University,1c:b9:c4:15:44:58,Ariel_University,1c:b9:c4:16:2d:e8,SAMSONIX R500-e-09,ac:83:f3:b2:00:e9
2017-12-03 08:40:49,model=SM-G950F_device=dreamlte,32.10486901816056,35.210236381424984,704.3468787540614,3,Ariel_University,1c:b9:c4:15:44:5c,Ariel_University,1c:b9:c4:16:2d:ec,Ariel_University,1c:b9:c4:15:20:38
2017-12-03 08:40:52,model=SM-G950F_device=dreamlte,32.10466559227215,35.20985933652403,692.9031989226081,3,Ariel_University,1c:b9:c4:16:05:38,EVE,90:6c:ac:a0:7b:4d,mati-sh1,c4:12:f5:fd:6a:74
2017-12-03 08:40:55,model=SM-G950F_device=dreamlte,32.104692653865506,35.2099380765703,694.1306124034932,3,outsense,c2:6c:ac:a0:7b:4d,Guest,a2:6c:ac:a0:7b:4d,magneto,b2:6c:ac:a0:7b:4d
2017-12-03 08:40:58,model=SM-G950F_device=dreamlte,32.10449419804633,35.20966028633011,689.2042405768652,3,EVE,90:6c:ac:a0:7b:4d,TP-LINK_ADD150,74:ea:3a:ad:d1:50,Guest,90:6c:ac:a0:60:4d
2017-12-03 08:41:01,model=SM-G950F_device=dreamlte,32.10394818857643,35.20966678744252,696.5437838662278,3,Ariel_University,24:79:2a:2c:5b:dc,artsim,a2:6c:ac:a0:18:29,Ariel_University,24:79:2a:2c:5b:d8
2017-12-03 08:41:04,model=SM-G950F_device=dreamlte,32.103990572469336,35.2091940862875,692.947231823764,3,Ariel_University,34:8f:27:20:89:b8,Ariel_University,ec:8c:a2:26:d3:68,Ariel_University,1c:b9:c4:16:1d:78
2017-12-03 08:41:07,model=SM-G950F_device=dreamlte,32.10411837293045,35.20926269189254,698.13434919704,3,Ariel_University,ec:8c:a2:26:d3:68,Ariel_University,1c:b9:c4:16:cc:d8, ,00:27:22:f3:bb:2b
2017-12-03 08:41:10,model=SM-G950F_device=dreamlte,32.10356365002495,35.20912451050599,695.5723547037921,3,Ariel_University,1c:b9:c4:16:28:e8,giftwizard,a2:6c:ac:a0:3d:eb,Guest,90:6c:ac:a0:3d:eb
2017-12-03 08:41:13,model=SM-G950F_device=dreamlte,32.10348676697887,35.209205727702425,692.837789677043,3,Guest,90:6c:ac:a0:3d:eb,sinusafe,b2:6c:ac:a0:3d:eb,Ariel_University,1c:b9:c4:15:fd:48
2017-12-03 08:41:16,model=SM-G950F_device=dreamlte,32.10365230220627,35.20865367849755,703.6021044859525,3,AUC_54_R,00:25:86:cc:00:f8,Ariel_University,ec:8c:a2:08:78:cc,Ariel_University,1c:b9:c4:16:cc:dc
2017-12-03 08:41:19,model=SM-G950F_device=dreamlte,32.103663241114546,35.208784372371795,696.9863890213261,3,Ariel_University,1c:b9:c4:16:28:ec,Ariel_University,1c:b9:c4:16:28:e8, ,1c:b9:c4:96:28:e7
2017-12-03 08:41:22,model=SM-G950F_device=dreamlte,32.10411729456469,35.209470804389845,695.1679720023056,3,Ariel_University,ec:8c:a2:08:94:1c,Ariel_University,ec:8c:a2:08:94:18,PEPWAVE_C99D,00:1a:dd:f5:e9:24
2017-12-03 08:41:25,model=SM-G950F_device=dreamlte,32.10307932254966,35.208845363508004,697.0290290474811,3, ,ec:8c:a2:88:94:17,Ariel_University,1c:b9:c4:12:7c:c8,Ariel_University,1c:b9:c4:16:d2:88
2017-12-03 08:41:28,model=SM-G950F_device=dreamlte,32.10308175877652,35.20881983345866,696.056772434295,3,Ariel_University,1c:b9:c4:12:90:b8,HelpDesk,f8:d1:11:77:77:c6,Ariel_University,1c:b9:c4:12:90:bc
2017-12-03 08:41:31,model=SM-G950F_device=dreamlte,32.10297701598642,35.20880188317127,691.6793839479666,3,Ariel_University,ec:8c:a2:08:94:18,HelpDesk,f8:d1:11:77:77:c6,Ariel_University,8c:0c:90:2d:75:e8
2017-12-03 08:41:34,model=SM-G950F_device=dreamlte,32.102614358018066,35.20890934716818,695.9814883178996,3,Ariel_University,1c:b9:c4:14:2f:68,Ariel_University,1c:b9:c4:14:2f:6c,Ariel_University,1c:b9:c4:16:11:a8
2017-12-03 08:41:37,model=SM-G950F_device=dreamlte,32.102499908543265,35.2089630341838,701.1835389931719,3,Ariel_University,ec:8c:a2:26:b1:78,Ariel_University,1c:b9:c4:16:f4:78,Ariel_University,1c:b9:c4:16:28:fc
2017-12-03 08:41:40,model=SM-G950F_device=dreamlte,32.102686157131856,35.20915730514427,697.8120926592734,3,036518749,a0:ab:1b:60:b4:ca,Ariel_University,1c:b9:c4:14:2b:d8,Ariel_University,ec:8c:a2:08:94:1c
2017-12-03 08:41:44,model=SM-G950F_device=dreamlte,32.1022159497624,35.209275668585214,696.8665212465136,3,Ariel_University,1c:b9:c4:14:2b:d8,Ariel_University,1c:b9:c4:14:2b:dc,DIRECT-F4-HP DeskJet 3630 series,a0:8c:fd:0a:d5:f5
2017-12-03 08:41:47,model=SM-G950F_device=dreamlte,32.1021639005735,35.20944955842475,694.39935396126,3,Ariel_University,1c:b9:c4:14:2b:d8,Ariel_University,1c:b9:c4:16:04:78,Ariel_University,1c:b9:c4:15:3a:38
2017-12-03 08:41:50,model=SM-G950F_device=dreamlte,32.102012304879885,35.20957738809949,696.6179025692093,3,Ariel_University,1c:b9:c4:15:3d:58,Ariel_University,1c:b9:c4:15:ed:7c,Ariel_University,1c:b9:c4:15:3d:5c
2017-12-03 08:41:53,model=SM-G950F_device=dreamlte,32.102510790680455,35.20932962066107,694.1280732524904,3,Ariel_University,1c:b9:c4:15:3a:3c,Ariel_University,1c:b9:c4:16:11:a8,yosh,00:11:6b:11:02:b7
2017-12-03 08:41:59,model=SM-G950F_device=dreamlte,32.102776818356105,35.209895929935804,697.3600958459898,3,KCG-ADSL,00:1d:aa:81:d8:3c,lab_6.1.3,c4:12:f5:f6:a0:18,Ariel_University,1c:b9:c4:16:ee:98
2017-12-03 08:42:02,model=SM-G950F_device=dreamlte,32.102614316557464,35.20991307540456,694.2761734858199,3,lab_6.1.3,c4:12:f5:f6:a0:18,Ariel_University,1c:b9:c4:15:1e:68,Ariel_University,1c:b9:c4:16:ee:98
2017-12-03 08:42:05,model=SM-G950F_device=dreamlte,32.102830458031114,35.20976159550971,698.9299619582906,3,Ariel_University,1c:b9:c4:14:2c:38,Ariel_University,1c:b9:c4:14:30:38, ,1c:b9:c4:96:ed:37
2017-12-03 08:42:08,model=SM-G950F_device=dreamlte,32.103206602810054,35.20990486233881,698.5684882291669,3,Ariel_University,1c:b9:c4:15:ec:38,Ariel_University,1c:b9:c4:16:ed:38,Ariel_University,1c:b9:c4:12:af:78
2017-12-03 08:42:11,model=SM-G950F_device=dreamlte,32.10324850967608,35.20960230931044,703.0530855885013,3,Ariel_University,1c:b9:c4:16:11:a8, ,1c:b9:c4:92:af:77,Ariel_University,1c:b9:c4:16:06:bc
2017-12-03 08:42:14,model=SM-G950F_device=dreamlte,32.10352583155811,35.21002013679215,707.1076151082635,3,KCG-ADSL,00:1d:aa:81:d8:3c,Ariel_University,1c:b9:c4:16:06:b8,Ariel_University,1c:b9:c4:16:06:bc
2017-12-03 08:42:17,model=SM-G950F_device=dreamlte,32.10342698675317,35.209852856419445,701.9310720966962,3,Ariel_University,1c:b9:c4:16:ed:3c, ,1c:b9:c4:96:06:b7,Ariel_University,1c:b9:c4:16:e5:a8
2017-12-03 08:42:20,model=SM-G950F_device=dreamlte,32.103711128068205,35.20950261578546,702.5308598888996,3,Ariel_University,1c:b9:c4:16:06:b8,Ariel_University,8c:0c:90:2e:16:88,Ariel_University,1c:b9:c4:15:fd:48
2017-12-03 08:42:23,model=SM-G950F_device=dreamlte,32.10385549774902,35.21029192673017,703.4762726745374,3,Ariel_University,1c:b9:c4:16:06:bc,Ariel_University,24:79:2a:2b:bd:88,Ariel_University,24:79:2a:2c:5c:18
2017-12-03 08:42:29,model=SM-G950F_device=dreamlte,32.10412984668569,35.21090951502568,697.5129149248525,3,Ariel_University,8c:0c:90:2e:e8:18,Ariel_University,1c:b9:c4:15:ed:38,Ariel_University,8c:0c:90:2d:34:38
2017-12-03 08:42:32,model=SM-G950F_device=dreamlte,32.104206724853405,35.210645662207696,696.209373957822,3,Ariel_University,8c:0c:90:2e:e8:18,Ariel_University,24:79:2a:2b:24:98,Ariel_University,24:79:2a:2c:61:68
2017-12-03 08:42:35,model=SM-G950F_device=dreamlte,32.10424357623882,35.211136801964486,695.3105686763255,3,Ariel_University,8c:0c:90:2f:d3:d8,Ariel_University,1c:b9:c4:15:41:7c,Ariel_University,1c:b9:c4:16:e8:f8
2017-12-03 08:42:38,model=SM-G950F_device=dreamlte,32.10426105401287,35.21105896268946,698.5196796801924,3,Ariel_University,1c:b9:c4:15:41:78,Ariel_University,1c:b9:c4:15:41:7c,Ariel_University,1c:b9:c4:15:ed:38
2017-12-03 08:42:41,model=SM-G950F_device=dreamlte,32.1042682991215,35.21120945046393,695.0758432927804,3,Ariel_University,1c:b9:c4:16:e8:f8,Ariel_University,1c:b9:c4:14:36:f8,Ariel_University,1c:b9:c4:16:e8:fc
2017-12-03 08:42:59,model=SM-G950F_device=dreamlte,32.104916481284974,35.21129165146858,694.5200602947299,3, ,ec:8c:a2:88:79:a7,Ariel_University,ec:8c:a2:08:79:ac, ,1c:b9:c4:96:05:77
2017-12-03 08:43:02,model=SM-G950F_device=dreamlte,32.10489507610982,35.210760372031,704.115741813892,3,Ariel_University,ec:8c:a2:08:79:a8,Ariel_University,1c:b9:c4:14:2b:c8,Ariel_University,1c:b9:c4:15:44:58
2017-12-03 08:44:36,model=Lenovo PB2-690Y_device=PB2PRO,32.10458825257667,35.21102272851424,695.8140582188922,3,Ariel_University,1c:b9:c4:15:41:78,Ariel_University,ec:8c:a2:08:79:a8,Ariel_University,1c:b9:c4:15:ed:48
2017-12-03 08:44:54,model=SM-G950F_device=dreamlte,32.10506111573031,35.21098280386496,706.5379634741882,3,Ariel_University,1c:b9:c4:14:2b:c8,Ariel_University,1c:b9:c4:15:44:58,Ariel_University,1c:b9:c4:15:36:98
2017-12-03 08:44:55,model=Lenovo PB2-690Y_device=PB2PRO,32.105035495404316,35.21105953873653,702.4653200064446,3,Ariel_University,1c:b9:c4:14:2b:c8,Ariel_University,1c:b9:c4:14:2b:cc, ,1c:b9:c4:94:2b:c7
2017-12-03 08:44:58,model=Lenovo PB2-690Y_device=PB2PRO,32.10472940030438,35.21009860169241,696.9678794078077,3,Ariel_University,1c:b9:c4:15:25:48,yosh,00:11:6b:11:7e:0c,HP-Print-30-Officejet 7610,d0:bf:9c:db:31:30
2017-12-03 08:45:00,model=SM-G950F_device=dreamlte,32.10481440820087,35.21017629187739,704.2768181460282,3,Ariel_University,1c:b9:c4:16:2d:e8, ,00:1a:dd:f5:e2:e4,yosh,00:11:6b:11:7d:c7
2017-12-03 08:45:01,model=Lenovo PB2-690Y_device=PB2PRO,32.10487476714004,35.21036404763786,700.40397692305,3,Ariel_University,1c:b9:c4:15:44:58,Afikim_Wifi,00:1a:dd:f5:e2:e5,Ariel_University,1c:b9:c4:16:2d:e8
2017-12-03 08:45:03,model=SM-G950F_device=dreamlte,32.10421888128059,35.209853929577584,701.8689056616531,3,Ariel_University,1c:b9:c4:15:44:5c, ,1c:b9:c4:95:44:57,giftwizard,a2:6c:ac:a0:3d:eb
2017-12-03 08:45:04,model=Lenovo PB2-690Y_device=PB2PRO,32.10488203466899,35.210357529387636,703.7750827473868,3,Ariel_University,1c:b9:c4:15:44:58,Ariel_University,1c:b9:c4:14:30:08,Ariel_University,1c:b9:c4:16:05:38
2017-12-03 08:45:06,model=SM-G950F_device=dreamlte,32.10473677215096,35.2100778344676,705.985713697185,3, ,1c:b9:c4:96:2d:e7,Ariel_University,1c:b9:c4:16:05:78,HP-Print-4b-LaserJet 400,08:ed:b9:3d:8f:4b
2017-12-03 08:45:07,model=Lenovo PB2-690Y_device=PB2PRO,32.10484567882881,35.21028482671957,699.7757327079681,3,Ariel_University,1c:b9:c4:16:2d:e8,Ariel_University,1c:b9:c4:15:44:5c,Ariel_University,1c:b9:c4:16:05:78
2017-12-03 08:45:09,model=SM-G950F_device=dreamlte,32.104502699773576,35.21040641966376,690.0919859041747,3,outsense,c2:6c:ac:a0:7b:4d,EVE,90:6c:ac:a0:7b:4d,Ariel_University,1c:b9:c4:16:e8:f8
2017-12-03 08:45:10,model=Lenovo PB2-690Y_device=PB2PRO,32.10470110292666,35.209923497109756,692.9235445735657,3,outsense,c2:6c:ac:a0:7b:4d,EVE,90:6c:ac:a0:7b:4d,Ariel_University,8c:0c:90:2f:36:58
2017-12-03 08:45:12,model=SM-G950F_device=dreamlte,32.104702907241276,35.20991852345685,695.5104748646876,3,magneto,b2:6c:ac:a0:7b:4d,Ariel_University,8c:0c:90:2f:36:58,EVE,90:6c:ac:a0:7b:4d
2017-12-03 08:45:13,model=Lenovo PB2-690Y_device=PB2PRO,32.10468699411557,35.20991959678634,690.6086537121452,3,outsense,c2:6c:ac:a0:7b:4d,magneto,b2:6c:ac:a0:7b:4d,EVE,90:6c:ac:a0:7b:4d
2017-12-03 08:45:15,model=SM-G950F_device=dreamlte,32.10452280406441,35.20969832049803,698.5272515623573,3,Ariel_University,1c:b9:c4:14:62:48,Ariel_University,1c:b9:c4:16:05:38,HP-Print-30-Officejet 7610,d0:bf:9c:db:31:30
2017-12-03 08:45:16,model=Lenovo PB2-690Y_device=PB2PRO,32.10449223216695,35.2095415289163,694.2513873295484,3,ShapeDo,f8:e9:03:12:ef:3b,Ariel_University,1c:b9:c4:14:62:48,ShapeDo-5GHz,f8:e9:03:12:ef:3c
2017-12-03 08:45:18,model=SM-G950F_device=dreamlte,32.10473395540109,35.21003504488658,694.4970929762908,3,Neuropplied,a2:6c:ac:9f:fb:1f,Ariel_University,1c:b9:c4:16:2d:e8,Afikim_Wifi,00:1a:dd:f5:e2:e5
2017-12-03 08:45:22,model=Lenovo PB2-690Y_device=PB2PRO,32.104200456062166,35.20945384062914,693.5007259684868,3,restore,b2:6c:ac:a0:18:29,Ariel_University,ec:8c:a2:26:d3:68,Ariel_University,24:79:2a:2c:5b:d8
2017-12-03 08:45:24,model=SM-G950F_device=dreamlte,32.10450360570939,35.20982354729808,699.9766965694492,3,Ariel_University,24:79:2a:2c:5b:d8,Ariel_University,ec:8c:a2:26:d3:68,Ariel_University,1c:b9:c4:15:44:5c
2017-12-03 08:45:25,model=Lenovo PB2-690Y_device=PB2PRO,32.10405998886043,35.20997873901591,702.3317041077174,3,Ariel_University,1c:b9:c4:15:44:58,sinusafe,b2:6c:ac:a0:3d:eb,HelpDesk,60:e3:27:7b:e0:98
2017-12-03 08:45:27,model=SM-G950F_device=dreamlte,32.10376922931392,35.20885811401371,697.1720049273373,3,Ariel_University,ec:8c:a2:26:d3:68,Ariel_University,1c:b9:c4:16:28:e8,Ariel_University,1c:b9:c4:16:28:ec
2017-12-03 08:45:28,model=Lenovo PB2-690Y_device=PB2PRO,32.10441595329815,35.20953752771039,698.4020150035682,3,Ariel_University,ec:8c:a2:26:d3:68,Ariel_University,1c:b9:c4:16:05:78,Guest,a2:6c:ac:9f:f1:c5
2017-12-03 08:45:30,model=SM-G950F_device=dreamlte,32.1036865879957,35.20894966444266,702.2092399680656,3, ,8c:0c:90:6e:16:88, ,8c:0c:90:ae:16:83,Ariel_University,1c:b9:c4:16:28:e8
2017-12-03 08:45:30,model=Lenovo PB2-690Y_device=PB2PRO,32.103584261663904,35.209172292174614,691.8986726049053,3,Ariel_University,ec:8c:a2:26:d3:68,sinusafe,b2:6c:ac:a0:3d:eb,Guest,90:6c:ac:a0:3d:eb
2017-12-03 08:45:33,model=SM-G950F_device=dreamlte,32.10428216303049,35.20918350711818,716.1956924759768,3,paysday,b2:6c:ac:9f:f1:c5,KCG_54,00:25:86:cc:07:b2, ,1c:b9:c4:96:cc:d7
2017-12-03 08:45:33,model=Lenovo PB2-690Y_device=PB2PRO,32.10334039190691,35.20919632698016,696.8529390195645,3,Ariel_University,1c:b9:c4:16:28:e8,Ariel_University,1c:b9:c4:16:1d:78,Ariel_University,ec:8c:a2:08:78:c8
2017-12-03 08:45:36,model=SM-G950F_device=dreamlte,32.10305814660732,35.20937803386279,699.6494871720226,3,Ariel_University,ec:8c:a2:08:78:c8,Ariel_University,8c:0c:90:2e:16:88,Ariel_University,1c:b9:c4:16:1d:7c
2017-12-03 08:45:36,model=Lenovo PB2-690Y_device=PB2PRO,32.10424691733821,35.2096791613995,692.7196326436502,3,giftwizard,a2:6c:ac:a0:3d:eb,EVE,90:6c:ac:a0:7b:4d,magneto,b2:6c:ac:a0:7b:4d
2017-12-03 08:45:39,model=SM-G950F_device=dreamlte,32.10358810075815,35.20878592189913,703.0894050516788,3,Ariel_University,1c:b9:c4:16:28:ec,Ariel_University,1c:b9:c4:16:28:e8,Ariel_University,ec:8c:a2:08:78:cc
2017-12-03 08:45:39,model=Lenovo PB2-690Y_device=PB2PRO,32.10304360163527,35.20910088484406,696.109020975154,3,Ariel_University,1c:b9:c4:16:28:ec,Ariel_University,ec:8c:a2:08:78:c8,Ariel_University,ec:8c:a2:08:94:18
2017-12-03 08:45:42,model=SM-G950F_device=dreamlte,32.10309363625017,35.209216216679195,698.7082847140316,3,Ariel_University,ec:8c:a2:08:94:1c,Ariel_University,1c:b9:c4:16:13:08,2.4V1,40:a5:ef:7a:17:f2
2017-12-03 08:45:42,model=Lenovo PB2-690Y_device=PB2PRO,32.10332913681895,35.209384508255575,700.1508283762676,3,Ariel_University,ec:8c:a2:08:94:18,Ariel_University,8c:0c:90:2e:16:88,DIRECT-61-HP DeskJet 3630 series,30:e1:71:0d:e0:63
2017-12-03 08:45:45,model=SM-G950F_device=dreamlte,32.10374113116592,35.20915204070754,696.9530193093984,3,Ariel_University,ec:8c:a2:08:94:1c,Ariel_University,1c:b9:c4:16:d2:8c,iagree,b2:6c:ac:9f:fb:1f
2017-12-03 08:45:45,model=Lenovo PB2-690Y_device=PB2PRO,32.10305231285776,35.20883551462881,698.1146897189484,3,Ariel_University,ec:8c:a2:08:94:18,Ariel_University,ec:8c:a2:08:94:1c, ,ec:8c:a2:88:94:17
2017-12-03 08:45:48,model=SM-G950F_device=dreamlte,32.10289886537699,35.209045815606814,704.5207270068746,3,Ariel_University,1c:b9:c4:16:f4:78,Ariel_University,1c:b9:c4:12:90:b8, ,1c:b9:c4:92:90:b7
2017-12-03 08:45:51,model=Lenovo PB2-690Y_device=PB2PRO,32.10266631364691,35.20892662428978,692.4739787694471,3,Ariel_University,1c:b9:c4:16:28:f8,Ariel_University,1c:b9:c4:16:f4:78,Ariel_University,8c:0c:90:2d:75:e8
2017-12-03 08:45:57,model=SM-G950F_device=dreamlte,32.102792305747045,35.20894754001745,698.6089382702995,3,Ariel_University,1c:b9:c4:12:7c:c8,Ariel_University,1c:b9:c4:16:f4:78, ,1c:b9:c4:94:33:c7
2017-12-03 08:45:57,model=Lenovo PB2-690Y_device=PB2PRO,32.10260787997755,35.20909950692397,696.8448802089545,3,Ariel_University,1c:b9:c4:16:f4:78,Ariel_University,1c:b9:c4:14:33:c8,Ariel_University,1c:b9:c4:12:90:b8
2017-12-03 08:46:00,model=Lenovo PB2-690Y_device=PB2PRO,32.102596368858485,35.208955777737614,697.4141718070342,3,Ariel_University,1c:b9:c4:16:f4:78,Ariel_University,1c:b9:c4:14:2f:68,Ariel_University,1c:b9:c4:16:11:a8
2017-12-03 08:46:03,model=SM-G950F_device=dreamlte,32.10317493194581,35.20887781088221,697.7718317149535,3,Ariel_University,1c:b9:c4:14:2f:68,Ariel_University,1c:b9:c4:16:d2:88,Ariel_University,1c:b9:c4:16:28:e8
2017-12-03 08:46:03,model=Lenovo PB2-690Y_device=PB2PRO,32.102530441591036,35.20897405535527,698.3617191897042,3,Ariel_University,1c:b9:c4:14:2f:68,Ariel_University,ec:8c:a2:26:b1:78,Ariel_University,1c:b9:c4:16:f1:98
2017-12-03 08:46:06,model=Lenovo PB2-690Y_device=PB2PRO,32.1027693914435,35.2090626294748,694.5864135767807,3,Ariel_University,ec:8c:a2:08:94:18, ,ec:8c:a2:88:94:17,Ariel_University,1c:b9:c4:14:2b:d8
2017-12-03 08:46:07,model=SM-G950F_device=dreamlte,32.10268828583364,35.209007361346636,702.6048534480651,3,Ariel_University,ec:8c:a2:26:b1:78, ,1c:b9:c4:94:2b:d7,Ariel_University,ec:8c:a2:08:94:1c
2017-12-03 08:46:09,model=Lenovo PB2-690Y_device=PB2PRO,32.10245469110709,35.20916390851616,691.2456019176249,3,Ariel_University,1c:b9:c4:14:2b:d8,Ariel_University,1c:b9:c4:16:28:f8,Ariel_University,1c:b9:c4:16:f1:48
2017-12-03 08:46:12,model=Lenovo PB2-690Y_device=PB2PRO,32.10237312394371,35.20940945248994,696.4735002133638,3,DIRECT-55-HP DeskJet 3630 series,3c:52:82:ef:d4:56,Ariel_University,1c:b9:c4:15:43:e8,lab_6.1.3,c4:12:f5:f6:a0:18
2017-12-03 08:46:13,model=SM-G950F_device=dreamlte,32.10235742937119,35.20904647591655,698.3850594293342,3,Ariel_University,1c:b9:c4:14:2b:dc,Ariel_University,1c:b9:c4:16:11:a8, ,1c:b9:c4:96:f1:47
2017-12-03 08:46:15,model=Lenovo PB2-690Y_device=PB2PRO,32.10205901334196,35.20939918900842,695.6859157250273,3,DIRECT-F4-HP DeskJet 3630 series,a0:8c:fd:0a:d5:f5,Ariel_University,1c:b9:c4:16:04:78,Ariel_University,1c:b9:c4:15:3d:58
2017-12-03 08:46:16,model=SM-G950F_device=dreamlte,32.10213958961161,35.209483717695925,700.4650321880556,3,Ariel_University,1c:b9:c4:15:3d:58,Ariel_University,1c:b9:c4:15:ed:78,Ariel_University,1c:b9:c4:16:f4:2c
2017-12-03 08:46:18,model=Lenovo PB2-690Y_device=PB2PRO,32.10203187786852,35.209539334708644,698.1933177129658,3,Ariel_University,1c:b9:c4:15:3d:58,Ariel_University,1c:b9:c4:15:ed:78,DIRECT-5C-HP DeskJet 3630 series,fc:3f:db:9c:36:3d
2017-12-03 08:46:19,model=SM-G950F_device=dreamlte,32.10259109326144,35.208892551473596,696.6776095950809,3,Ariel_University,1c:b9:c4:15:43:e8,Ariel_University,1c:b9:c4:16:28:f8,Ariel_University,1c:b9:c4:16:11:ac
2017-12-03 08:46:21,model=Lenovo PB2-690Y_device=PB2PRO,32.1029346867326,35.20902174531728,693.8957036274414,3,Ariel_University,1c:b9:c4:16:28:e8,Ariel_University,1c:b9:c4:14:33:c8,Ariel_University,1c:b9:c4:14:2f:6c
2017-12-03 08:46:24,model=Lenovo PB2-690Y_device=PB2PRO,32.102544777878855,35.209340932164764,695.0079601856496,3,2.4V1,40:a5:ef:7a:17:f2,Ariel_University,1c:b9:c4:14:2f:68,Ariel_University,1c:b9:c4:16:f1:98
2017-12-03 08:46:25,model=SM-G950F_device=dreamlte,32.10216364538708,35.2093224305546,694.3641037462137,3,DIRECT-55-HP DeskJet 3630 series,3c:52:82:ef:d4:56,Ariel_University,1c:b9:c4:16:f1:48,DIRECT-F4-HP DeskJet 3630 series,a0:8c:fd:0a:d5:f5
2017-12-03 08:46:27,model=Lenovo PB2-690Y_device=PB2PRO,32.102294121704496,35.20942287989119,692.7798278153551,3,Ariel_University,1c:b9:c4:16:f1:48,Ariel_University,1c:b9:c4:14:2b:d8,GuyEmily,14:ae:db:4f:50:75
2017-12-03 08:46:30,model=Lenovo PB2-690Y_device=PB2PRO,32.10285192168844,35.20985321423496,696.6641464911925,3,KCG-ADSL,00:1d:aa:81:d8:3c,Ariel_University,1c:b9:c4:16:ee:98,DIRECT-47-HP DeskJet 3630 series,30:e1:71:0f:a2:49
2017-12-03 08:46:33,model=Lenovo PB2-690Y_device=PB2PRO,32.102826385217455,35.20982261763648,696.7667377095182,3,Ariel_University,1c:b9:c4:16:ed:38,DIRECT-47-HP DeskJet 3630 series,30:e1:71:0f:a2:49,Ariel_University,1c:b9:c4:14:2c:38
2017-12-03 08:46:43,model=SM-G950F_device=dreamlte,32.103054642637055,35.209378277784765,704.395118953962,3,Ariel_University,1c:b9:c4:16:f1:58,Ariel_University,1c:b9:c4:12:90:b8,Ariel_University,1c:b9:c4:15:1c:bc
2017-12-03 08:46:48,model=Lenovo PB2-690Y_device=PB2PRO,32.10301174109988,35.20990601467969,700.8307837241398,3,2.4V1,40:a5:ef:7a:17:f2,Ariel_University,1c:b9:c4:16:06:b8,KCG-ADSL,00:1d:aa:81:d8:3c
2017-12-03 08:46:49,model=SM-G950F_device=dreamlte,32.103711128068205,35.20950261578546,702.5308598888996,3,Ariel_University,1c:b9:c4:16:06:b8,Ariel_University,1c:b9:c4:15:fd:48,Ariel_University,8c:0c:90:2e:16:88
2017-12-03 08:46:52,model=Lenovo PB2-690Y_device=PB2PRO,32.102765320483535,35.20950318590024,699.4982936570324,3,Ariel_University,1c:b9:c4:16:ed:38,Ariel_University,1c:b9:c4:14:2c:38,Ariel_University,ec:8c:a2:26:b1:78
2017-12-03 08:46:55,model=SM-G950F_device=dreamlte,32.103915955670594,35.20984460668152,707.8472309148982,3,Ariel_University,1c:b9:c4:16:06:bc, ,1c:b9:c4:96:06:b7,Ariel_University,1c:b9:c4:15:fd:4c
2017-12-03 08:46:56,model=Lenovo PB2-690Y_device=PB2PRO,32.10385226777935,35.210287457278355,703.2986983205303,3,Ariel_University,1c:b9:c4:16:06:b8,Ariel_University,24:79:2a:2c:5c:18,Ariel_University,24:79:2a:2b:bd:88
2017-12-03 08:47:06,model=Lenovo PB2-690Y_device=PB2PRO,32.10335458275242,35.21043546165221,696.9996497580822,3,Ariel_University,1c:b9:c4:15:3d:68,Ariel_University,1c:b9:c4:15:ed:38,lab_6.1.3,c4:12:f5:f6:a0:18
2017-12-03 08:47:07,model=SM-G950F_device=dreamlte,32.10430206853825,35.211004182318796,701.2239628191919,3,Ariel_University,8c:0c:90:2e:e8:18,Ariel_University,1c:b9:c4:15:41:78,Ariel_University,1c:b9:c4:15:ed:3c
2017-12-03 08:47:09,model=Lenovo PB2-690Y_device=PB2PRO,32.10420125185994,35.210339516593635,696.6201749060932,3,Ariel_University,1c:b9:c4:16:e8:f8,Ariel_University,1c:b9:c4:15:fd:48,Ariel_University,1c:b9:c4:16:05:78
2017-12-03 08:47:12,model=Lenovo PB2-690Y_device=PB2PRO,32.10426606800705,35.21114550143842,697.5525967960751,3,Ariel_University,1c:b9:c4:16:e8:f8,Ariel_University,1c:b9:c4:15:ed:38,Ariel_University,1c:b9:c4:15:41:78
2017-12-03 08:47:15,model=Lenovo PB2-690Y_device=PB2PRO,32.10470030418442,35.211385928919086,692.6827383290128,3,Ariel_University,1c:b9:c4:15:44:88,Ariel_University,1c:b9:c4:15:ed:48,BezeqNGN_009030_2.4GHz_1,3c:1e:04:05:5f:f5
2017-12-03 08:47:27,model=Lenovo PB2-690Y_device=PB2PRO,32.10495378030898,35.21117619804396,690.7381466159817,3,Ariel_University,1c:b9:c4:55:fd:e8,Ariel_University,1c:b9:c4:15:ed:4c,Ariel_University,1c:b9:c4:16:2b:e8
2017-12-03 08:47:29,model=SM-G950F_device=dreamlte,32.10492257856987,35.21071469272039,706.0148207686074,3,Ariel_University,1c:b9:c4:16:05:7c,Ariel_University,1c:b9:c4:15:44:58,yosh,00:11:6b:11:7e:0c
2017-12-03 08:47:30,model=Lenovo PB2-690Y_device=PB2PRO,32.104892801436506,35.210603766181976,700.1385512135719,3,Ariel_University,1c:b9:c4:16:2b:e8,Ariel_University,1c:b9:c4:15:42:68,Ariel_University,1c:b9:c4:15:44:58
2017-12-03 08:49:44,model=Lenovo PB2-690Y_device=PB2PRO,32.10425038300702,35.20964150376244,696.7195553342318,3,HP-Print-30-Officejet 7610,d0:bf:9c:db:31:30,Ariel_University,1c:b9:c4:16:05:38,giftwizard,a2:6c:ac:a0:3d:eb
2017-12-03 08:49:48,model=SM-G950F_device=dreamlte,32.10493197568896,35.210402328688765,711.5577133810609,3,Ariel_University,1c:b9:c4:15:44:5c, ,18:d6:c7:ad:25:1a, ,00:1a:dd:f5:df:c4
2017-12-03 08:49:52,model=Lenovo PB2-690Y_device=PB2PRO,32.10489280143651,35.21060376618197,700.1385512135719,3,Ariel_University,1c:b9:c4:15:44:58,Ariel_University,1c:b9:c4:15:42:68,Ariel_University,1c:b9:c4:16:2b:e8
2017-12-03 08:49:55,model=Lenovo PB2-690Y_device=PB2PRO,32.104672292390305,35.20987798849512,694.1536288205604,3,EVE,90:6c:ac:a0:7b:4d,magneto,b2:6c:ac:a0:7b:4d,Ariel_University,1c:b9:c4:16:05:38
2017-12-03 08:49:56,model=SM-G950F_device=dreamlte,32.10463420775314,35.209841312493595,695.8182468045068,3,Ariel_University,1c:b9:c4:16:05:38,iagree,b2:6c:ac:9f:fb:1f,Ariel_University,1c:b9:c4:16:05:78
2017-12-03 08:49:58,model=Lenovo PB2-690Y_device=PB2PRO,32.10465879380548,35.209903796280265,696.3425825461154,3,outsense,c2:6c:ac:a0:7b:4d,Ariel_University,1c:b9:c4:16:05:78,HP-Print-30-Officejet 7610,d0:bf:9c:db:31:30
2017-12-03 08:50:00,model=SM-G950F_device=dreamlte,32.104661978839864,35.20986816232998,694.4337602286715,3,Guest,a2:6c:ac:a0:7b:4d,iagree,b2:6c:ac:9f:fb:1f,Ariel_University,1c:b9:c4:15:25:48
2017-12-03 08:50:01,model=Lenovo PB2-690Y_device=PB2PRO,32.10464376502422,35.209841104571666,690.7209148052641,3,shapedo,c2:6c:ac:9f:fb:1f,Guest,90:6c:ac:9f:fb:1f,Neuropplied,a2:6c:ac:9f:fb:1f
2017-12-03 08:50:04,model=Lenovo PB2-690Y_device=PB2PRO,32.1041942427756,35.20942077717848,692.1919322062578,3,TP-LINK_ADD150,74:ea:3a:ad:d1:50,Ariel_University,1c:b9:c4:15:23:58,Ariel_University,24:79:2a:2c:5b:d8
2017-12-03 08:50:12,model=SM-G950F_device=dreamlte,32.10381807669659,35.20915414057976,703.8727294756391,3,DIRECT-13-HP DeskJet 3630 series,a0:8c:fd:0a:24:56,Ariel_University,1c:b9:c4:16:28:e8,Ariel_University,1c:b9:c4:15:fd:4c
2017-12-03 08:50:13,model=Lenovo PB2-690Y_device=PB2PRO,32.10432821936261,35.20979378719048,701.2923592816486,3,Ariel_University,1c:b9:c4:15:44:58,Ariel_University,34:8f:27:20:89:b8,Ariel_University,1c:b9:c4:15:fd:48
2017-12-03 08:50:16,model=Lenovo PB2-690Y_device=PB2PRO,32.10394504152698,35.2093860578972,690.761828171521,3,giftwizard,a2:6c:ac:a0:3d:eb,Ariel_University,ec:8c:a2:26:b0:e8,EVE,90:6c:ac:a0:7b:4d
2017-12-03 08:50:19,model=Lenovo PB2-690Y_device=PB2PRO,32.103754775621695,35.209089465639316,696.754063165598,3,Ariel_University,1c:b9:c4:16:28:e8,Ariel_University,1c:b9:c4:16:1d:78,Ariel_University,1c:b9:c4:15:fd:48
2017-12-03 08:50:20,model=SM-G950F_device=dreamlte,32.103556049308466,35.20935959913706,705.4874625954016,3,Ariel_University,1c:b9:c4:15:1c:b8, ,1c:b9:c4:96:1d:77, ,00:02:6f:b8:c4:1a
2017-12-03 08:50:23,model=Lenovo PB2-690Y_device=PB2PRO,32.104052450145225,35.20921502149066,695.8642716561366,3,Ariel_University,1c:b9:c4:16:28:e8, ,1c:b9:c4:96:28:e7,Guest,a2:6c:ac:a0:7b:4d
2017-12-03 08:50:24,model=SM-G950F_device=dreamlte,32.10322540459292,35.20877311963798,704.344443103631,3,Ariel_University,ec:8c:a2:08:78:cc, ,ec:8c:a2:88:94:17,Ariel_University,ec:8c:a2:08:94:1c
2017-12-03 08:50:25,model=Lenovo PB2-690Y_device=PB2PRO,32.103432716861334,35.2089637000223,696.1029319318278,3,Ariel_University,ec:8c:a2:08:94:1c,Ariel_University,1c:b9:c4:15:23:58,Ariel_University,ec:8c:a2:08:94:18
2017-12-03 08:50:31,model=Lenovo PB2-690Y_device=PB2PRO,32.10279462256072,35.20913914303081,692.7153312811157,3,Ariel_University,ec:8c:a2:08:94:18,Ariel_University,1c:b9:c4:16:d2:88,Ariel_University,1c:b9:c4:14:33:c8
2017-12-03 08:50:32,model=SM-G950F_device=dreamlte,32.10264851094613,35.208867567593,692.1162615051308,3, ,ec:8c:a2:88:94:17,Ariel_University,1c:b9:c4:16:f4:28,Ariel_University,1c:b9:c4:16:28:f8
2017-12-03 08:50:35,model=Lenovo PB2-690Y_device=PB2PRO,32.102854297965315,35.20911892964152,697.8907363152716,3,Ariel_University,ec:8c:a2:08:94:18,Ariel_University,ec:8c:a2:08:94:1c,Ariel_University,ec:8c:a2:08:78:c8
2017-12-03 08:50:36,model=SM-G950F_device=dreamlte,32.102753755924006,35.20861292133539,693.2464910704784,3,Ariel_University,1c:b9:c4:16:28:f8,Ariel_University,1c:b9:c4:16:f4:7c, ,1c:b9:c4:94:2f:67
2017-12-03 08:50:37,model=Lenovo PB2-690Y_device=PB2PRO,32.102703502370304,35.208825460965606,696.6591146225154,3,Ariel_University,1c:b9:c4:14:2f:68,Ariel_University,1c:b9:c4:14:33:c8,SGH-I337M,ec:9b:f3:26:ab:3a
2017-12-03 08:50:40,model=SM-G950F_device=dreamlte,32.102915843745144,35.208934145253615,699.1762581766757,3,Ariel_University,ec:8c:a2:26:b1:78,Ariel_University,1c:b9:c4:16:f4:78,Ariel_University,1c:b9:c4:16:28:e8
2017-12-03 08:50:44,model=SM-G950F_device=dreamlte,32.10273151727919,35.2090151424985,698.6794454144884,3,Ariel_University,1c:b9:c4:16:f1:48,Ariel_University,ec:8c:a2:08:94:1c,Ariel_University,1c:b9:c4:12:90:b8
2017-12-03 08:50:44,model=Lenovo PB2-690Y_device=PB2PRO,32.10285840120949,35.2090859400704,694.1539871388089,3,Ariel_University,1c:b9:c4:14:33:c8,Ariel_University,1c:b9:c4:16:f1:98,Ariel_University,1c:b9:c4:16:28:e8
2017-12-03 08:50:47,model=Lenovo PB2-690Y_device=PB2PRO,32.10227370104163,35.209317788980144,694.2922265075471,3,Ariel_University,1c:b9:c4:16:f1:98, ,1c:b9:c4:94:2b:d7,036518749,a0:ab:1b:60:b4:ca
2017-12-03 08:50:48,model=SM-G950F_device=dreamlte,32.10283926603217,35.208976440271236,699.9728805398903,3, ,ec:8c:a2:88:94:17,Ariel_University,1c:b9:c4:16:f4:28, ,1c:b9:c4:92:90:b7
2017-12-03 08:50:49,model=Lenovo PB2-690Y_device=PB2PRO,32.10258476697935,35.20893014947212,691.2568105173224,3,Ariel_University,1c:b9:c4:16:f4:28,Ariel_University,8c:0c:90:2d:75:e8, ,1c:b9:c4:92:7c:c7
2017-12-03 08:50:52,model=Lenovo PB2-690Y_device=PB2PRO,32.10237895551559,35.20924868989165,696.5709709507931,3,Ariel_University,1c:b9:c4:16:04:78,Ariel_University,1c:b9:c4:12:7c:c8,Ariel_University,1c:b9:c4:15:3d:58
2017-12-03 08:50:55,model=Lenovo PB2-690Y_device=PB2PRO,32.10245414119128,35.20943023861649,692.9339693659223,3,Ariel_University,ec:8c:a2:08:94:18,Ariel_University,ec:8c:a2:08:78:c8,DIRECT-71-HP DeskJet 3630 series,30:e1:71:0f:a2:72
2017-12-03 08:50:58,model=Lenovo PB2-690Y_device=PB2PRO,32.10252273625053,35.209424655160774,693.7404735467157,3,Ariel_University,1c:b9:c4:16:f4:78,2.4V1,40:a5:ef:7a:17:f2,Ariel_University,1c:b9:c4:14:33:cc
2017-12-03 08:51:01,model=Lenovo PB2-690Y_device=PB2PRO,32.10235352998692,35.209223494364714,696.5557645371558,3,Ariel_University,1c:b9:c4:14:33:c8,Ariel_University,1c:b9:c4:14:2b:dc,Ariel_University,1c:b9:c4:14:2c:18
2017-12-03 08:51:08,model=Lenovo PB2-690Y_device=PB2PRO,32.10290933787245,35.21004357231845,695.6948477072838,3,lab_6.1.3,c4:12:f5:f6:a0:18,Ariel_University,1c:b9:c4:16:ee:98,Ariel_University,1c:b9:c4:15:3d:68
2017-12-03 08:51:11,model=Lenovo PB2-690Y_device=PB2PRO,32.10289286250155,35.20978303416151,698.8276516183372,3,KCG-ADSL,00:1d:aa:81:d8:3c,Ariel_University,1c:b9:c4:14:2c:38,Ariel_University,1c:b9:c4:12:af:78
2017-12-03 08:51:21,model=SM-G950F_device=dreamlte,32.10363812610527,35.209897969645425,706.0991080091765,3,Ariel_University,1c:b9:c4:16:06:b8,Ariel_University,1c:b9:c4:16:ed:48,Ariel_University,1c:b9:c4:15:1c:b8
2017-12-03 08:51:24,model=Lenovo PB2-690Y_device=PB2PRO,32.103339194302386,35.20986841316183,702.7740206348975,3,Ariel_University,1c:b9:c4:12:af:78,Ariel_University,1c:b9:c4:16:06:b8,Ariel_University,1c:b9:c4:16:ed:38
2017-12-03 08:51:34,model=Lenovo PB2-690Y_device=PB2PRO,32.10279018126306,35.209816446645874,697.1651533210774,3,Ariel_University,1c:b9:c4:14:2c:38,Ariel_University,1c:b9:c4:14:2c:3c,KCG-ADSL,00:1d:aa:81:d8:3c
2017-12-03 08:51:36,model=SM-G950F_device=dreamlte,32.10410499973236,35.21020811328815,698.9094604657332,3,Ariel_University,24:79:2a:2c:5c:18,Ariel_University,24:79:2a:2c:5b:d8, ,24:79:2a:ac:5c:17
2017-12-03 08:51:42,model=Lenovo PB2-690Y_device=PB2PRO,32.10422656105202,35.210416755861,695.6577482225705,3,Ariel_University,8c:0c:90:2d:34:38,Ariel_University,24:79:2a:2b:24:98,Ariel_University,24:79:2a:2c:5b:d8
2017-12-03 08:51:45,model=Lenovo PB2-690Y_device=PB2PRO,32.10341758940405,35.210092480819654,699.1745366347224,3,Ariel_University,8c:0c:90:2e:e8:18,Ariel_University,1c:b9:c4:12:af:78,Ariel_University,1c:b9:c4:16:ed:38
2017-12-03 08:51:48,model=Lenovo PB2-690Y_device=PB2PRO,32.104534831637665,35.21074217289802,696.4671263939254,3,Ariel_University,1c:b9:c4:16:e8:f8,Ariel_University,1c:b9:c4:16:05:78,yosh,00:11:6b:11:7e:0c
2017-12-03 08:53:38,model=SM-G950F_device=dreamlte,32.104685237964105,35.21045245759748,707.8410701475766,3,yosh,00:11:6b:11:7d:c7,paysday,b2:6c:ac:9f:f1:c5,Ariel_University,1c:b9:c4:15:44:88
2017-12-03 08:53:41,model=SM-G950F_device=dreamlte,32.10398011291701,35.2098268082186,699.5115202578661,3,sinusafe,b2:6c:ac:a0:3d:eb,Ariel_University,24:c9:a1:36:52:d8,Ariel_University,1c:b9:c4:16:05:7c
2017-12-03 08:53:44,model=SM-G950F_device=dreamlte,32.10432603803369,35.20979292367528,699.5531228256641,3, ,8c:0c:90:6f:36:58,Ariel_University,1c:b9:c4:15:20:38,Guest,90:6c:ac:a0:3d:eb
2017-12-03 08:53:47,model=SM-G950F_device=dreamlte,32.10467536978238,35.20981182173066,710.1934304512406,3,EVE,90:6c:ac:a0:7b:55,magneto,b2:6c:ac:a0:7b:55,Guest,a2:6c:ac:a0:7b:55
2017-12-03 08:53:56,model=SM-G950F_device=dreamlte,32.10387658607881,35.20942018568761,699.6619962059293,3,paysday,b2:6c:ac:9f:f1:c5,sinusafe,b2:6c:ac:a0:3d:eb,Ariel_University,24:79:2a:2c:5b:d8
2017-12-03 08:54:02,model=SM-G950F_device=dreamlte,32.10414847472673,35.209233284968256,705.2378782175666,3,DIRECT-64-HP DeskJet 3630 series,30:e1:71:0d:e0:65, ,00:27:22:f3:bb:2b,Ariel_University,1c:b9:c4:15:fd:4c
2017-12-03 08:54:05,model=SM-G950F_device=dreamlte,32.103725657314506,35.20931295553004,695.0703432201393,3,Guest,90:6c:ac:a0:3d:eb,Ariel_University,1c:b9:c4:16:1d:78,Ariel_University,1c:b9:c4:15:fd:48
2017-12-03 08:54:08,model=SM-G950F_device=dreamlte,32.10334039190691,35.20919632698016,696.8529390195645,3,Ariel_University,1c:b9:c4:16:1d:78,Ariel_University,1c:b9:c4:16:28:e8,Ariel_University,ec:8c:a2:08:78:c8
2017-12-03 08:54:11,model=SM-G950F_device=dreamlte,32.10353569748014,35.20897297166719,700.9483009973075,3,Ariel_University,1c:b9:c4:16:28:e8,giftwizard,a2:6c:ac:a0:3d:eb,Ariel_University,ec:8c:a2:08:78:cc
2017-12-03 08:54:24,model=SM-G950F_device=dreamlte,32.10360832498187,35.2089551980413,707.7411973561734,3,Ariel_University,ec:8c:a2:08:78:cc, ,8c:0c:90:6e:16:88, ,8c:0c:90:ae:16:83
2017-12-03 08:54:29,model=SM-G950F_device=dreamlte,32.10242422606127,35.2090669717219,702.0546460547013,3,Ariel_University,1c:b9:c4:16:04:7c,Ariel_University,1c:b9:c4:15:43:e8,Ariel_University,1c:b9:c4:16:11:ac
2017-12-03 08:54:32,model=SM-G950F_device=dreamlte,32.102380787569885,35.20913886161177,700.835241070548,3,Ariel_University,1c:b9:c4:14:2c:18,Bezeq Free,62:ab:1b:60:b4:cb,Ariel_University,1c:b9:c4:16:28:fc
2017-12-03 08:54:35,model=SM-G950F_device=dreamlte,32.10298939588154,35.20887716508333,702.0594620458565,3,Ariel_University,1c:b9:c4:16:28:fc,Ariel_University,1c:b9:c4:16:d2:88,Ariel_University,ec:8c:a2:08:94:1c
2017-12-03 08:54:38,model=SM-G950F_device=dreamlte,32.102615725816875,35.208980665361814,698.7648177521876,3,DIRECT-F4-HP DeskJet 3630 series,a0:8c:fd:0a:d5:f5, ,ec:8c:a2:88:94:17,Ariel_University,1c:b9:c4:12:90:b8
2017-12-03 08:54:44,model=SM-G950F_device=dreamlte,32.10237605980076,35.20932815408551,698.9166097546628,3,Ariel_University,1c:b9:c4:15:3a:38,Ariel_University,ec:8c:a2:08:94:18,Ariel_University,1c:b9:c4:16:f4:2c
2017-12-03 08:54:47,model=SM-G950F_device=dreamlte,32.10233771082457,35.20922894711528,704.2720606711264,3,Ariel_University,1c:b9:c4:16:11:ac, ,1c:b9:c4:95:3d:57,Ariel_University,1c:b9:c4:16:04:7c
2017-12-03 08:54:50,model=SM-G950F_device=dreamlte,32.102438333074964,35.20965130684029,693.4456819217246,3,2.4V1,40:a5:ef:7a:17:f2,Ariel_University,1c:b9:c4:16:f1:98,GuyEmily,14:ae:db:4f:50:75
2017-12-03 08:55:20,model=SM-G950F_device=dreamlte,32.10347080128683,35.209359411644414,708.0171742910408,3,Ariel_University,1c:b9:c4:16:06:b8, ,8c:0c:90:ae:16:83,Ariel_University,1c:b9:c4:12:90:b8
2017-12-03 08:55:23,model=SM-G950F_device=dreamlte,32.10337446853306,35.20961536741698,701.5622864329879,3,Ariel_University,1c:b9:c4:15:fd:48,Ariel_University,1c:b9:c4:16:f1:58,DIRECT-61-HP DeskJet 3630 series,30:e1:71:0d:e0:63
2017-12-03 08:55:26,model=SM-G950F_device=dreamlte,32.10359758357812,35.209573412351034,706.1375081167289,3,Ariel_University,1c:b9:c4:16:06:b8,Ariel_University,8c:0c:90:2e:16:88,Ariel_University,1c:b9:c4:15:1c:b8
2017-12-03 08:55:30,model=SM-G950F_device=dreamlte,32.10349029243521,35.20977223937962,704.9646513530707,3,Ariel_University,1c:b9:c4:16:06:b8,Ariel_University,1c:b9:c4:16:ed:3c,DIRECT-13-HP DeskJet 3630 series,a0:8c:fd:0a:24:56
2017-12-03 08:57:43,model=Lenovo PB2-690Y_device=PB2PRO,32.104241321737156,35.21033834681225,691.6787171725465,3,artsim,a2:6c:ac:a0:18:29,Ariel_University,1c:b9:c4:15:ed:48,Ariel_University,ec:8c:a2:08:79:a8
2017-12-03 08:57:50,model=Lenovo PB2-690Y_device=PB2PRO,32.104054959562234,35.209208282080084,695.8129018758585,3,Ariel_University,1c:b9:c4:14:62:48,Ariel_University,1c:b9:c4:16:28:e8,TP-LINK_ADD150,74:ea:3a:ad:d1:50
2017-12-03 08:57:58,model=Lenovo PB2-690Y_device=PB2PRO,32.1030941528591,35.20910669300259,691.8825579221975,3,Ariel_University,ec:8c:a2:08:94:18,Guest,90:6c:ac:a0:18:29,Ariel_University,1c:b9:c4:16:d2:88
2017-12-03 08:58:13,model=Lenovo PB2-690Y_device=PB2PRO,32.103424439129775,35.20932422190452,694.911635236984,3,Ariel_University,1c:b9:c4:14:2b:d8,sinusafe,b2:6c:ac:a0:3d:eb,Ariel_University,1c:b9:c4:14:62:48
2017-12-03 08:58:28,model=Lenovo PB2-690Y_device=PB2PRO,32.10317411190457,35.209548050214906,695.0242445410081,3,Guest,90:6c:ac:a0:3d:eb,giftwizard,a2:6c:ac:a0:3d:eb,lab_6.1.3,c4:12:f5:f6:a0:18
2017-12-03 08:58:43,model=Lenovo PB2-690Y_device=PB2PRO,32.102912006155975,35.20922281604651,696.4054639604819,3,Ariel_University,1c:b9:c4:14:2b:d8,Ariel_University,1c:b9:c4:16:28:e8,Ariel_University,ec:8c:a2:08:78:c8
2017-12-03 09:00:33,model=Lenovo PB2-690Y_device=PB2PRO,32.10312422357824,35.209748476252194,698.9582698425841,3,Ariel_University,1c:b9:c4:12:af:78,DIRECT-3B-HP DeskJet 3630 series,3c:52:82:ef:c4:3c,Ariel_University,1c:b9:c4:16:ed:38
2017-12-03 09:01:13,model=Lenovo PB2-690Y_device=PB2PRO,32.10309476607488,35.20956286039507,700.5467986029164,3,OOP_course,e4:95:6e:40:87:1a,Ariel_University,1c:b9:c4:12:af:7c, ,00:02:6f:8e:64:67
2017-12-03 09:02:19,model=Lenovo PB2-690Y_device=PB2PRO,32.10333525897578,35.2098339242423,703.4595795873928,3, ,1c:b9:c4:96:ed:37,Ariel_University,1c:b9:c4:16:ed:3c,Ariel_University,1c:b9:c4:16:06:b8
2017-12-03 09:03:09,model=Lenovo PB2-690Y_device=PB2PRO,32.10340114149182,35.209365957101895,698.714701459494,3,AUC_4_2_24,d8:5d:4c:9e:69:22,Ariel_University,8c:0c:90:2e:16:88,Onicom,c0:4a:00:71:ee:ee
2017-12-03 09:03:53,model=Lenovo PB2-690Y_device=PB2PRO,32.10304410516202,35.20967886576547,700.469534708959,3,Ariel_University,1c:b9:c4:14:2b:88,Ariel_University,1c:b9:c4:14:30:3c,Ariel_University,1c:b9:c4:15:ec:3c
2017-12-03 09:03:58,model=Lenovo PB2-690Y_device=PB2PRO,32.10320638082162,35.209864931465354,699.1125916356551,3,DIRECT-3B-HP DeskJet 3630 series,3c:52:82:ef:c4:3c,Ariel_University,1c:b9:c4:15:ec:38,Ariel_University,1c:b9:c4:16:ed:3c
2017-12-03 09:04:14,model=Lenovo PB2-690Y_device=PB2PRO,32.102744513140244,35.20984632693847,696.5078860011464,3,Ariel_University,1c:b9:c4:14:2c:38, ,1c:b9:c4:94:2c:37,Ariel_University,1c:b9:c4:14:2c:3c
2017-12-03 09:06:11,model=Lenovo PB2-690Y_device=PB2PRO,32.103818184382874,35.21017021087789,705.0658511443341,3,Ariel_University,1c:b9:c4:16:06:bc,Ariel_University,24:79:2a:2b:bd:88,Ariel_University,24:79:2a:2b:07:b8
2017-12-03 09:06:21,model=Lenovo PB2-690Y_device=PB2PRO,32.10400946819157,35.2100385079871,703.9826501960146,3,Ariel_University,1c:b9:c4:16:06:bc,Ariel_University,24:79:2a:2c:5b:d8,Ariel_University,24:79:2a:2b:bd:8c
2017-12-03 09:06:31,model=Lenovo PB2-690Y_device=PB2PRO,32.10387039251142,35.20995924167684,700.3986310146212,3,Ariel_University,24:79:2a:2b:bd:88,HelpDesk,60:e3:27:7b:e0:98,Ariel_University,1c:b9:c4:16:1d:78
2017-12-03 09:06:35,model=Lenovo PB2-690Y_device=PB2PRO,32.10383162181986,35.21024404635013,705.1884938898444,3,Ariel_University,1c:b9:c4:16:06:b8,Ariel_University,24:79:2a:2c:5c:18, ,1c:b9:c4:96:06:b7
2017-12-03 09:07:13,model=Lenovo PB2-690Y_device=PB2PRO,32.10344951220273,35.209657218572296,702.9023322728367,3,Ariel_University,1c:b9:c4:15:1c:b8,Ariel_University,1c:b9:c4:16:e5:a8,IT-MNG,1c:b9:c4:15:ed:bc
2017-12-03 09:09:38,model=Lenovo PB2-690Y_device=PB2PRO,32.10301401723565,35.20971797906028,699.7534226124093,3,Ariel_University,1c:b9:c4:14:2c:3c, ,1c:b9:c4:94:2c:37,Ariel_University,1c:b9:c4:15:1c:b8
